objective,r2,rmse
F1,0.999446897950976,0.0004473287594936861
F2,0.9711902456020048,44.859346114184966
F3,0.999514123264937,11.352531902036802
F4,0.9562940135444638,1.0029929256716954
